edad,ingreso_mensual_cop,historial_credito,monto_prestamo_cop,aprobado
56,1177437.0,1.0,19402244.0,1
69,2126199.0,0.0,18811839.0,0
46,2461057.0,1.0,65367886.0,1
32,5560283.0,,29758361.0,1
60,3333863.0,,53873159.0,1
25,1863290.0,1.0,40374203.0,1
38,,1.0,25129381.0,1
56,640286.0,0.0,12712558.0,0
75,3545455.0,0.0,90031154.0,1
36,2921009.0,2.0,23774379.0,1
40,4103266.0,1.0,113927000.0,1
28,1818587.0,0.0,32636508.0,0
28,2141088.0,2.0,23721679.0,1
41,1485403.0,0.0,21736160.0,1
70,995666.0,1.0,11379647.0,0
53,1381453.0,0.0,31190448.0,1
57,665584.0,2.0,16306886.0,0
41,3432376.0,1.0,87488895.0,1
20,537708.0,0.0,15924622.0,1
39,6711181.0,2.0,163515750.0,1
70,687986.0,1.0,13235041.0,1
19,4876475.0,1.0,59292806.0,1
41,1149879.0,0.0,20357546.0,1
61,2776273.0,1.0,11407263.0,1
47,-1262409.0,0.0,-29174622.0,0
55,5412647.0,1.0,81410539.0,1
19,2035438.0,2.0,7206727.0,0
38,3776126.0,1.0,17701298.0,1
50,2075326.0,0.0,27937197.0,0
29,2450435.0,0.0,45951491.0,0
75,2869545.0,0.0,44574096.0,0
39,1443766.0,1.0,576065872.0,1
61,919721.0,2.0,14686054.0,1
42,908035.0,0.0,18947062.0,0
66,2044176.0,2.0,18226699.0,1
44,1478910.0,2.0,8942623.0,1
59,547154.0,1.0,10452675.0,1
45,,2.0,40154515.0,1
33,954465.0,1.0,3555789.0,1
32,988363.0,,13118553.0,1
64,1933852.0,1.0,11342798.0,1
68,1155369.0,1.0,20041764.0,1
61,2133988.0,0.0,29205754.0,0
72,6478999.0,1.0,126697484.0,1
69,1579416.0,1.0,39092536.0,1
74,"1,049,949",1.0,11645042.0,1
20,2210887.0,0.0,64064335.0,1
54,1245267.0,2.0,21745016.0,1
68,2011218.0,,39608629.0,0
24,,1.0,53362954.0,1
38,1941326.0,0.0,40771246.0,0
26,"2,051,200",2.0,34452386.0,1
56,2224971.0,2.0,32432592.0,1
35,5169402.0,2.0,23014762.0,1
21,1703590.0,1.0,6126651.0,1
42,,1.0,31613546.0,1
31,3335421.0,0.0,40054551.0,1
67,2630336.0,0.0,35424758.0,0
75,1599297.0,2.0,10772771.0,0
26,,2.0,57237941.0,1
43,1175556.0,1.0,30726729.0,1
70,1730551.0,2.0,49052979.0,1
19,,1.0,40671629.0,1
37,2801610.0,1.0,61420743.0,1
45,4048107.0,1.0,105655108.0,1
64,2267077.0,2.0,32405281.0,1
24,2074352.0,0.0,23552494.0,1
61,1172906.0,2.0,33183344.0,1
25,1300773.0,2.0,22013329.0,1
64,969023.0,0.0,15917031.0,0
52,537128.0,1.0,4198856.0,1
31,1568107.0,2.0,9283484.0,1
34,1658024.0,1.0,42672373.0,0
53,7302340.0,2.0,142991470.0,1
67,5064106.0,2.0,59742594.0,1
57,2767304.0,1.0,22627907.0,0
21,6925261.0,1.0,124643802.0,1
19,4567799.0,2.0,85718498.0,1
23,594490.0,1.0,5105972.0,0
71,3762047.0,0.0,97767909.0,1
59,3038494.0,0.0,16028475.0,1
21,1666728.0,1.0,21024963.0,0
71,848206.0,2.0,18126484.0,1
46,2834116.0,2.0,29478349.0,1
35,569505.0,1.0,14435374.0,1
43,1957375.0,0.0,44973492.0,1
61,,1.0,60665331.0,1
51,931633.0,2.0,5790916.0,1
27,4046167.0,0.0,27492784.0,0
53,1934220.0,1.0,20763447.0,1
31,2200906.0,,37389175.0,0
48,3418537.0,1.0,79297868.0,1
65,,2.0,63867178.0,1
32,"2,599,544",1.0,57234299.0,0
25,3234908.0,1.0,90810712.0,0
31,2785822.0,1.0,63923680.0,1
40,2353909.0,2.0,26526749.0,0
74,5779731.0,0.0,58705853.0,1
57,4177328.0,1.0,91054038.0,0
38,1883311.0,1.0,15457285.0,1
33,1148749.0,2.0,6321910.0,0
62,2908576.0,1.0,50522016.0,0
35,2256931.0,,56839278.0,0
64,5528336.0,1.0,31717477.0,1
70,3585813.0,2.0,87425942.0,1
41,3136201.0,0.0,78130432.0,0
43,1998227.0,2.0,32014390.0,1
42,1172420.0,0.0,5331437.0,0
62,1760700.0,1.0,13581909.0,1
58,2639492.0,1.0,58334118.0,1
46,702396.0,2.0,15605837.0,0
32,4176685.0,1.0,113838024.0,1
62,6853201.0,2.0,128377766.0,1
18,617254.0,2.0,3920118.0,0
42,,1.0,15671298.0,1
24,2275698.0,2.0,51136240.0,1
26,1397858.0,2.0,433797014.0,0
41,2318762.0,0.0,27515377.0,0
18,1899299.0,1.0,30682651.0,1
61,1072721.0,2.0,3935440.0,1
25,4295351.0,0.0,41742710.0,1
41,2620066.0,2.0,36715036.0,1
28,1417145.0,2.0,14951136.0,1
68,4891527.0,0.0,32685178.0,1
34,1461475.0,1.0,33111661.0,0
25,941186.0,1.0,23487284.0,1
52,2213548.0,1.0,22029080.0,1
52,2450725.0,0.0,58595184.0,0
50,2728193.0,0.0,36584921.0,1
22,3011084.0,1.0,50226436.0,1
59,2702465.0,,70566845.0,1
56,2637379.0,2.0,61315763.0,1
75,1405281.0,,34764059.0,1
58,1317904.0,0.0,8823129.0,1
45,,1.0,12187235.0,1
24,2294611.0,0.0,62234274.0,0
26,3243448.0,2.0,43694192.0,1
25,711858.0,,7668669.0,1
29,1468171.0,2.0,33131920.0,0
51,6225793.0,2.0,159275839.0,1
50,2762150.0,0.0,72609244.0,0
65,2367465.0,2.0,27301424.0,1
72,3032065.0,1.0,78863206.0,1
40,7460032.0,2.0,30625046.0,1
41,6575293.0,1.0,28542428.0,1
54,768570.0,2.0,15244600.0,1
52,959051.0,2.0,4511253.0,1
61,753100.0,0.0,8859805.0,1
57,1266459.0,1.0,26803860.0,1
39,2049183.0,2.0,24807832.0,0
44,2292627.0,1.0,17995274.0,1
52,791522.0,1.0,8387337.0,1
18,646668.0,0.0,9929286.0,1
52,1253093.0,0.0,19843252.0,0
54,3435602.0,2.0,82938889.0,1
64,3814109.0,1.0,88693814.0,1
31,5517828.0,0.0,84610820.0,1
20,,1.0,64482938.0,0
18,3258873.0,1.0,19828296.0,0
22,3634336.0,0.0,35960085.0,0
43,1471635.0,1.0,37313842.0,0
72,2502265.0,1.0,33044509.0,1
31,2943833.0,,86819235.0,1
56,1149118.0,2.0,17913415.0,1
44,5310825.0,0.0,2469291183.0,0
26,1937119.0,1.0,26852906.0,0
32,2089052.0,1.0,30236406.0,0
32,,1.0,33293184.0,1
43,1242138.0,1.0,27842575.0,1
59,,,44388889.0,1
30,,2.0,71095200.0,0
68,8916495.0,1.0,87150166.0,1
49,1076072.0,1.0,6149960.0,0
56,11824901.0,2.0,161032212.0,1
66,,1.0,49052335.0,0
69,"1,492,326",1.0,39160979.0,0
49,2015462.0,0.0,24885546.0,0
21,1828378.0,0.0,37760105.0,1
47,5518951.0,2.0,68740546.0,1
54,2703910.0,2.0,53172197.0,1
40,4029627.0,2.0,108355923.0,1
56,2458109.0,1.0,22729289.0,0
62,1853927.0,1.0,25796512.0,1
32,2411728.0,0.0,71913292.0,0
60,1553209.0,1.0,41083993.0,1
46,829582.0,1.0,15135953.0,1
53,3230712.0,2.0,54757160.0,0
30,805567.0,0.0,8606847.0,0
49,1687400.0,1.0,28626158.0,1
24,1522831.0,1.0,39442694.0,1
68,2916843.0,1.0,62711284.0,1
39,5069855.0,1.0,54912556.0,1
45,4085613.0,2.0,34480637.0,1
19,2968167.0,0.0,30158448.0,0
59,1358752.0,2.0,10304094.0,1
62,1776079.0,1.0,9914604.0,0
74,1627305.0,2.0,23297600.0,1
70,1495291.0,2.0,9060102.0,1
23,"1,557,402",1.0,11901104.0,0
45,1532663.0,1.0,27247325.0,1
45,1492472.0,2.0,11110231.0,1
61,3510011.0,1.0,16583938.0,1
61,"1,053,067",2.0,320218682.0,0
37,1279929.0,0.0,11453593.0,0
47,766781.0,1.0,12968751.0,1
28,4635663.0,2.0,26719550.0,1
75,1229476.0,2.0,28644100.0,1
72,2947492.0,1.0,80962609.0,1
45,2637102.0,2.0,"60,845,194",1
42,4374502.0,1.0,76056535.0,1
56,1748012.0,0.0,45864393.0,0
50,1122957.0,1.0,24438684.0,0
18,779611.0,,2560929.0,1
74,372957.0,2.0,5087295.0,1
44,2184313.0,1.0,56739062.0,0
74,3157476.0,0.0,38957536.0,0
69,2631364.0,0.0,10396018.0,1
30,791861.0,1.0,18329088.0,1
58,3697974.0,1.0,91173672.0,1
20,,2.0,18311788.0,1
56,1150673.0,1.0,20146205.0,1
23,1286738.0,2.0,10529116.0,1
25,2078268.0,,46593375.0,1
44,813563.0,1.0,8405621.0,1
26,1939185.0,2.0,22373945.0,0
54,2565513.0,2.0,66226699.0,1
50,3853122.0,1.0,61113226.0,1
68,2203536.0,0.0,46457965.0,1
59,887552.0,1.0,12305085.0,1
61,2168040.0,1.0,"23,948,571",1
41,1049522.0,,20872797.0,1
32,1013817.0,1.0,7280377.0,0
71,875349.0,2.0,11441683.0,1
49,629857.0,,5444484.0,1
49,1410849.0,0.0,30737411.0,1
41,3903301.0,2.0,111219248.0,1
58,7678159.0,1.0,229414147.0,1
69,"1,405,423",1.0,21302662.0,1
66,3804379.0,1.0,37352612.0,0
66,1564772.0,0.0,23403345.0,1
75,736422.0,1.0,19055858.0,0
69,3019390.0,1.0,25852480.0,1
29,2282743.0,1.0,65529750.0,0
56,-5902059.0,2.0,-72184399.0,0
19,789530.0,1.0,23383272.0,0
20,10613312.0,0.0,272151216.0,1
66,5152695.0,1.0,4360394674.0,0
54,"1,961,551",2.0,22721481.0,1
66,1657494.0,0.0,5365283.0,1
73,1290466.0,0.0,17185895.0,1
34,2117697.0,0.0,23609893.0,0
66,1775581.0,,7119580.0,1
19,2698691.0,2.0,44919339.0,1
19,1661747.0,2.0,23068115.0,1
45,4634219.0,1.0,93300845.0,0
71,2137244.0,1.0,42257654.0,1
40,1699611.0,1.0,10639835.0,0
54,3665854.0,,107695714.0,1
49,,2.0,20086843.0,1
50,2432896.0,1.0,36547934.0,1
18,2013415.0,2.0,32575391.0,0
36,850423.0,2.0,21220346.0,1
19,,1.0,14176100.0,0
70,3635317.0,0.0,52978913.0,1
61,3533058.0,1.0,1681029855.0,0
43,2199048.0,2.0,19371858.0,0
49,5553810.0,2.0,110752042.0,1
23,2583307.0,2.0,72174887.0,1
49,4197011.0,2.0,125629086.0,1
72,2551507.0,1.0,9890098.0,1
21,1680353.0,2.0,15729586.0,1
72,1051240.0,2.0,11961316.0,1
28,1380475.0,1.0,19017982.0,0
73,1699299.0,1.0,16212915.0,0
34,4492374.0,2.0,38159015.0,1
55,3146973.0,0.0,90547709.0,0
41,2417372.0,2.0,67203143.0,0
22,3341753.0,0.0,14265267.0,1
69,2720783.0,1.0,33051940.0,1
51,2320197.0,2.0,32341251.0,1
23,806778.0,1.0,7626789.0,1
39,3927425.0,0.0,78468256.0,0
28,1505887.0,1.0,30554869.0,0
65,3809941.0,2.0,98919838.0,1
33,4037459.0,0.0,92875568.0,1
50,1326397.0,,23410217.0,1
26,3505451.0,0.0,72376496.0,1
23,1596633.0,2.0,16601306.0,1
33,1602348.0,2.0,30464669.0,1
46,2313990.0,1.0,37507778.0,1
20,2351781.0,1.0,15522462.0,1
37,2029157.0,1.0,19375802.0,0
53,890401.0,1.0,9683755.0,1
36,1843418.0,0.0,51535254.0,0
43,7780158.0,0.0,71736474.0,1
20,373098.0,0.0,4033035.0,1
36,3341212.0,1.0,43344078.0,1
37,,1.0,52221966.0,1
49,877640.0,1.0,5434730.0,0
24,-1496047.0,2.0,-43021107.0,1
69,1087693.0,1.0,"28,682,924",0
58,6030734.0,1.0,112080190.0,0
50,3843197.0,1.0,81472019.0,0
57,3956440.0,2.0,13649056.0,1
56,2131610.0,2.0,"25,902,278",0
35,4356829.0,2.0,106667487.0,1
57,1972985.0,2.0,10046519.0,1
18,4481617.0,0.0,47605858.0,0
28,1813523.0,2.0,34099699.0,1
45,1319093.0,2.0,13089560.0,1
74,5877077.0,0.0,165835864.0,1
42,,2.0,"16,321,246",1
67,1156282.0,0.0,28363190.0,0
40,1148790.0,,19201582.0,1
48,1150898.0,0.0,26768657.0,0
47,3290879.0,1.0,37480854.0,0
59,1868567.0,2.0,31562375.0,0
52,7871627.0,1.0,205721464.0,1
24,4039805.0,1.0,63044020.0,1
33,2313525.0,1.0,29410539.0,0
43,4603551.0,2.0,80452557.0,1
65,1472829.0,0.0,32945409.0,1
74,651562.0,1.0,9757930.0,1
69,1094984.0,2.0,31042444.0,1
66,2165853.0,2.0,23745410.0,1
19,1734926.0,1.0,27476921.0,0
18,3251572.0,2.0,76207245.0,0
65,1839918.0,2.0,39753764.0,1
29,3105921.0,2.0,81742587.0,1
22,4879645.0,1.0,145968958.0,1
54,1836519.0,0.0,26675760.0,1
49,2766482.0,1.0,16601863.0,1
72,691852.0,1.0,2643725.0,0
26,1840713.0,1.0,41647377.0,1
58,946783.0,0.0,25182884.0,0
52,2163280.0,1.0,19381344.0,1
36,2284368.0,1.0,16625852.0,1
65,2279817.0,1.0,10668489.0,1
33,1486487.0,2.0,37478765.0,0
20,7874036.0,1.0,2685770819.0,0
37,926516.0,0.0,12828370.0,0
41,,,41371730.0,1
71,,0.0,64064132.0,0
73,1299425.0,2.0,26732417.0,0
50,1124878.0,2.0,22055196.0,1
41,7895055.0,1.0,61132569.0,1
69,3582006.0,2.0,60378748.0,1
28,1387926.0,1.0,30971968.0,0
66,2259163.0,1.0,66143873.0,1
25,6372630.0,0.0,53772063.0,1
53,3002550.0,1.0,9781319.0,1
55,4289536.0,2.0,21589830.0,1
57,3213534.0,1.0,42251598.0,1
37,3464753.0,1.0,87154841.0,1
52,"2,030,606",1.0,6483392.0,1
65,1996306.0,1.0,30606817.0,1
42,2327325.0,0.0,27670094.0,0
52,3080713.0,1.0,13607528.0,1
42,1672802.0,2.0,25353622.0,1
46,2133410.0,0.0,21074283.0,0
35,1645891.0,0.0,20575103.0,1
63,2125273.0,0.0,46865698.0,0
35,936029.0,1.0,15989132.0,1
19,9469498.0,2.0,60277906.0,1
71,1277270.0,0.0,36987431.0,1
52,1596180.0,0.0,"32,194,297",0
33,1212799.0,1.0,28717197.0,0
58,,2.0,12827073.0,1
53,1762773.0,1.0,7528056.0,1
50,1112050.0,1.0,3920085.0,0
21,2940617.0,,23811466.0,1
50,3188272.0,1.0,45238477.0,0
31,1904775.0,2.0,53842857.0,1
38,1331510.0,2.0,20426177.0,0
65,7382623.0,1.0,80004657.0,1
37,2431553.0,1.0,44186793.0,0
73,923161.0,0.0,5559491.0,0
25,4631653.0,1.0,90116493.0,1
24,1186520.0,2.0,21769869.0,1
20,10274000.0,1.0,250519283.0,1
34,2079826.0,0.0,61647219.0,0
50,3641804.0,2.0,35593476.0,1
65,569201.0,1.0,9540221.0,1
29,917599.0,0.0,25270095.0,0
68,4414106.0,1.0,106821925.0,1
39,2399303.0,1.0,38772665.0,1
72,6752598.0,2.0,192618091.0,1
39,2652744.0,0.0,12057758.0,0
63,2163370.0,1.0,60870661.0,0
47,5543543.0,1.0,24190356.0,0
55,3634864.0,1.0,64617806.0,1
55,1762499.0,1.0,47661332.0,0
62,1028423.0,1.0,10380352.0,1
68,477840.0,1.0,7526319.0,0
71,1524841.0,2.0,17927372.0,1
25,973058.0,1.0,27934438.0,1
44,,0.0,62998762.0,0
44,1342142.0,1.0,29719105.0,1
51,1320307.0,2.0,24908818.0,1
38,795919.0,2.0,20022121.0,0
47,1689950.0,0.0,22968466.0,0
50,1330784.0,2.0,20073413.0,1
45,5624472.0,,127732020.0,1
64,2193668.0,0.0,27770474.0,0
50,1972242.0,0.0,9319485.0,1
22,1828847.0,0.0,9157100.0,0
65,3177817.0,2.0,19431702.0,1
36,1511485.0,0.0,40026232.0,0
21,2958887.0,0.0,46602806.0,0
52,5221952.0,2.0,116177069.0,1
66,2613093.0,1.0,35560412.0,1
34,1706852.0,0.0,17043251.0,1
61,,0.0,30887758.0,1
45,1681044.0,0.0,41089630.0,1
47,2779683.0,0.0,55262420.0,1
46,790550.0,1.0,22385430.0,1
63,3265507.0,0.0,69725200.0,1
70,2245789.0,0.0,41311073.0,1
23,1812987.0,2.0,35308452.0,1
52,1334880.0,1.0,37969365.0,1
58,1489831.0,1.0,36175220.0,1
54,2837357.0,1.0,10353837.0,0
41,1835951.0,1.0,31985519.0,1
46,,1.0,53879614.0,1
66,2626435.0,1.0,60972318.0,1
63,2689629.0,1.0,23547264.0,0
70,937053.0,2.0,24751120.0,1
48,2793731.0,0.0,80481146.0,0
52,8895169.0,2.0,83537319.0,1
50,2628102.0,0.0,70513599.0,0
69,715399.0,2.0,4019417.0,0
38,2205413.0,1.0,9933367.0,1
49,661001.0,2.0,4289264.0,1
40,13262128.0,0.0,60462163.0,1
50,7582889.0,1.0,195754785.0,1
20,1329664.0,1.0,6108947.0,1
35,515349.0,2.0,5326097.0,1
42,1170542.0,1.0,6790807.0,1
59,1778722.0,1.0,19523955.0,1
48,688921.0,1.0,3751248.0,0
71,1902323.0,1.0,40017434.0,1
75,1771705.0,1.0,11692941.0,1
20,2137383.0,0.0,55571616.0,0
57,2275675.0,2.0,57037879.0,1
63,,2.0,8409174.0,1
41,1188202.0,,32300810.0,1
67,2037747.0,0.0,158146314.0,1
49,1357839.0,2.0,12859328.0,1
64,3417763.0,2.0,13242146.0,1
39,2025925.0,1.0,24448405.0,0
40,6070806.0,1.0,102441186.0,1
19,3243908.0,,79506276.0,1
44,3844785.0,2.0,46619948.0,0
59,2146909.0,1.0,47335545.0,1
19,2179088.0,0.0,17569159.0,0
43,5602886.0,1.0,130357633.0,0
34,1580140.0,2.0,14808927.0,1
57,2752631.0,2.0,18926288.0,1
50,,2.0,"19,984,227",1
26,1687601.0,1.0,13358551.0,0
60,983293.0,0.0,16565830.0,0
71,,0.0,64424319.0,0
65,1136016.0,0.0,5849729.0,0
56,,0.0,55134384.0,1
46,3701037.0,1.0,76490643.0,1
59,1873180.0,0.0,49747987.0,0
72,2275651.0,1.0,21828008.0,1
43,1809421.0,2.0,27418095.0,0
52,1218992.0,1.0,34128532.0,1
67,3326256.0,2.0,69252062.0,1
42,2932954.0,1.0,39585339.0,1
41,636967.0,0.0,4170945.0,0
30,1673009.0,1.0,16875801.0,1
75,1167977.0,0.0,21832781.0,0
24,1568197.0,1.0,35112769.0,1
74,1326084.0,1.0,8433087.0,0
53,1928297.0,0.0,37002334.0,0
62,1626679.0,0.0,29051648.0,1
37,,1.0,42126918.0,0
18,3853271.0,2.0,83359061.0,1
25,2769860.0,2.0,70939270.0,1
63,1299725.0,2.0,430452031.0,1
33,1420717.0,0.0,38364089.0,0
31,2663298.0,2.0,19540904.0,0
29,2661104.0,2.0,20415044.0,1
68,1380190.0,1.0,14081866.0,1
40,,2.0,15544322.0,1
32,6004884.0,1.0,55356738.0,1
45,1394534.0,2.0,8190262.0,0
51,6239950.0,2.0,157167588.0,1
19,3844677.0,0.0,25959885.0,0
49,5583072.0,1.0,1652707988.0,0
40,1359404.0,2.0,5836838.0,0
39,1792042.0,0.0,51270409.0,0
68,1514357.0,1.0,33620728.0,1
42,3898303.0,2.0,12410274.0,1
75,1410408.0,1.0,33319656.0,1
39,3074735.0,0.0,51902178.0,0
75,2978647.0,1.0,3058794922.0,0
75,1926436.0,0.0,32956338.0,0
39,4321857.0,1.0,87766851.0,1
66,2115090.0,0.0,51250650.0,1
69,3270493.0,1.0,45583862.0,1
59,1473540.0,1.0,4528365.0,0
23,1284574.0,,33332840.0,1
32,3074606.0,1.0,40843188.0,1
71,2567656.0,1.0,42091979.0,0
60,2294406.0,1.0,7364353.0,1
54,1613291.0,0.0,26274839.0,0
50,5022939.0,1.0,148855600.0,1
25,1014644.0,0.0,10667183.0,0
70,981850.0,,13428069.0,1
61,3489608.0,0.0,75215464.0,0
61,3321934.0,1.0,83046453.0,1
22,2451615.0,1.0,34983501.0,0
56,,1.0,28358842.0,1
21,2680338.0,0.0,75910647.0,1
23,5567731.0,1.0,118497541.0,1
62,8969385.0,1.0,55731948.0,1
49,733917.0,2.0,3567609.0,1
69,1542088.0,1.0,24759527.0,0
47,1485016.0,1.0,13279654.0,1
64,5261421.0,1.0,51864922.0,0
52,447407.0,1.0,11944733.0,0
72,2698755.0,1.0,14622617.0,1
57,1699618.0,1.0,37926689.0,0
69,5298147.0,0.0,54681332.0,1
33,4879842.0,0.0,114817129.0,1
30,2468951.0,0.0,55564007.0,0
67,768477.0,0.0,2458805.0,0
59,1405166.0,1.0,23531832.0,1
47,1500585.0,1.0,10146395.0,1
36,894596.0,0.0,23606715.0,1
34,3963946.0,2.0,105174661.0,0
73,828974.0,0.0,11850463.0,1
36,6447458.0,,96703370.0,1
45,6437775.0,1.0,72029943.0,1
75,1573737.0,1.0,35170457.0,1
72,2414728.0,0.0,30628064.0,1
43,1898605.0,1.0,19423483.0,1
54,3406156.0,1.0,49969121.0,1
43,4260114.0,2.0,23303518.0,1
70,2314717.0,1.0,53604880.0,0
40,"2,627,307",2.0,8775476.0,1
26,1366328.0,,27874590.0,0
29,2576721.0,2.0,20452316.0,1
70,2186160.0,1.0,20276436.0,0
18,1147302.0,,23131976.0,0
75,1966130.0,0.0,58609300.0,1
75,1575511.0,1.0,37809699.0,1
18,1375465.0,1.0,12513527.0,1
64,996601.0,2.0,7726317.0,1
51,2058528.0,1.0,54321029.0,0
49,"1,241,357",2.0,18611624.0,1
71,1494549.0,0.0,10014114.0,0
65,3779395.0,2.0,99321399.0,1
42,2897242.0,2.0,72530986.0,0
57,,2.0,73799679.0,1
62,2448864.0,1.0,67498233.0,1
70,2147185.0,1.0,55823244.0,1
18,5504176.0,2.0,24325754.0,1
33,4546585.0,0.0,"26,457,556",1
56,,1.0,45835562.0,0
22,3323991.0,1.0,57671043.0,0
39,4235951.0,2.0,65085416.0,1
46,2773486.0,0.0,38033678.0,1
72,1621322.0,1.0,23740504.0,0
20,8436148.0,2.0,154980848.0,1
29,2930975.0,0.0,8957253.0,1
43,6490996.0,2.0,65163997.0,1
33,4461016.0,0.0,75808509.0,1
68,2619465.0,1.0,58937529.0,1
54,1400275.0,0.0,10785241.0,0
39,1954289.0,0.0,34719491.0,0
74,1735581.0,2.0,38686815.0,1
46,956742.0,1.0,14355863.0,0
31,2928992.0,1.0,375808859.0,0
45,5077918.0,0.0,76830119.0,1
22,1657826.0,1.0,18242737.0,0
64,7262204.0,1.0,204071850.0,1
66,778754.0,1.0,4956428.0,1
47,3732609.0,1.0,76954643.0,1
63,5405417.0,2.0,764491840.0,1
69,1754302.0,1.0,26396284.0,1
22,1773324.0,1.0,31844370.0,0
29,3706724.0,1.0,40939963.0,1
33,2686083.0,2.0,41062264.0,0
43,598124.0,1.0,4435659.0,1
43,-1195382.0,1.0,-13401839.0,1
65,1966705.0,1.0,38881504.0,0
38,871683.0,2.0,9718046.0,1
56,1491802.0,1.0,40715846.0,0
53,884864.0,2.0,17668069.0,0
50,1587860.0,1.0,23569437.0,0
47,1620145.0,0.0,6555815.0,1
54,2448663.0,2.0,40373078.0,1
40,1876548.0,1.0,44378406.0,0
75,2680929.0,2.0,27265196.0,1
27,2495816.0,2.0,61853524.0,1
71,3681401.0,2.0,36073248.0,1
22,3349326.0,0.0,84540848.0,1
53,3143585.0,2.0,16668059.0,1
51,12773975.0,1.0,337066369.0,1
69,2442278.0,2.0,40243940.0,1
48,9399273.0,1.0,103453239.0,1
27,2539127.0,2.0,25792599.0,0
75,1886605.0,1.0,27665714.0,1
36,1585009.0,1.0,47509593.0,1
75,4905343.0,0.0,43897128.0,1
49,5305752.0,2.0,30703588.0,1
18,2841579.0,1.0,53410176.0,0
73,3914226.0,,63373850.0,0
22,921417.0,2.0,15805342.0,0
62,782878.0,1.0,16446119.0,1
21,4188261.0,0.0,1587235227.0,0
33,1837494.0,1.0,50692702.0,1
41,3108284.0,1.0,45888050.0,1
33,1289322.0,1.0,8361675.0,0
72,5358492.0,0.0,123470729.0,1
19,786815.0,0.0,16022557.0,1
66,863413.0,1.0,9950897.0,1
45,4716544.0,2.0,93297983.0,1
49,414196.0,0.0,3701368.0,0
44,2488377.0,1.0,37352188.0,1
37,1859103.0,2.0,50724023.0,1
41,1274964.0,0.0,8421678.0,1
29,1758613.0,1.0,23637173.0,1
67,1192409.0,2.0,30013943.0,1
52,5002026.0,2.0,145940383.0,1
50,5854366.0,2.0,89314241.0,1
50,1313962.0,2.0,"21,928,698",0
68,2339189.0,2.0,43154863.0,0
60,895336.0,1.0,25224659.0,0
54,3774699.0,,98789850.0,1
29,3716175.0,0.0,28266083.0,1
20,1660854.0,,24568118.0,0
18,2002949.0,1.0,31101815.0,1
50,1874290.0,1.0,45555734.0,0
57,750823.0,1.0,14474447.0,0
27,5013288.0,2.0,103594345.0,0
60,1251468.0,0.0,1489274836.0,0
61,1256588.0,2.0,6312999.0,1
46,1811649.0,2.0,16343366.0,1
30,3603187.0,0.0,50492145.0,0
29,1390561.0,,17229224.0,0
48,614577.0,2.0,2202908.0,1
63,1164499.0,1.0,6379120.0,0
19,2557355.0,1.0,54690926.0,1
68,7376798.0,1.0,197268565.0,1
67,,0.0,42145221.0,0
52,,,43827696.0,1
40,800061.0,2.0,7910621.0,0
34,742639.0,0.0,17624800.0,0
43,4087381.0,2.0,95229658.0,1
25,4861284.0,1.0,91809595.0,1
46,2205916.0,1.0,19283976.0,1
43,1497597.0,2.0,8415734.0,1
27,5807648.0,2.0,27495970.0,1
43,2200829.0,1.0,41821900.0,1
51,3811990.0,1.0,96351682.0,1
68,1454439.0,1.0,38069827.0,1
58,2036099.0,0.0,31595769.0,1
24,943730.0,1.0,22814980.0,1
21,2892262.0,1.0,82619677.0,1
75,2223432.0,1.0,23189491.0,0
70,1159225.0,2.0,15933466.0,1
67,1168622.0,1.0,32896631.0,1
62,5228187.0,1.0,63429599.0,1
28,6472036.0,1.0,179111395.0,0
46,1744745.0,2.0,51449409.0,1
73,2065023.0,2.0,43094737.0,1
53,2520754.0,1.0,63160108.0,1
42,2166924.0,2.0,50354395.0,0
38,726084.0,1.0,15892109.0,1
74,2563086.0,1.0,28929908.0,1
53,566519.0,1.0,2572873.0,1
27,1277467.0,1.0,15664807.0,1
54,,2.0,52437178.0,0
26,2841937.0,2.0,16393112.0,1
41,1219506.0,0.0,4050937.0,0
52,1505955.0,,10197867.0,1
66,1388449.0,1.0,30996943.0,1
52,1864109.0,0.0,54553951.0,0
65,1951138.0,0.0,57641976.0,0
53,2961128.0,1.0,48377242.0,1
35,1454048.0,,38492303.0,1
66,2480666.0,0.0,56793147.0,1
56,2687735.0,1.0,44423116.0,0
49,2233261.0,1.0,41236125.0,0
41,1696769.0,2.0,11377062.0,0
40,2209744.0,1.0,62573010.0,1
49,3112834.0,2.0,38916974.0,0
54,3280515.0,1.0,49358727.0,1
29,5892693.0,2.0,124541043.0,1
66,1094693.0,2.0,13153138.0,0
72,1522700.0,1.0,15021431.0,1
30,753074.0,1.0,15090348.0,1
40,3466326.0,2.0,12737258.0,1
42,,0.0,56062344.0,1
52,2243874.0,1.0,37873521.0,1
58,1379728.0,1.0,26705119.0,0
47,1629816.0,1.0,32695355.0,0
34,4130521.0,0.0,71170340.0,1
66,3007260.0,,56321204.0,1
37,1854428.0,1.0,39800256.0,1
65,3143000.0,1.0,73339418.0,1
42,3184927.0,2.0,72110616.0,0
39,1567738.0,1.0,41513145.0,1
30,821225.0,2.0,183429054.0,0
36,1156031.0,1.0,15989059.0,1
66,887073.0,0.0,25361855.0,0
53,3987443.0,2.0,54659651.0,1
29,4425391.0,1.0,28196344.0,1
58,5136201.0,2.0,88275981.0,1
36,590229.0,2.0,3515555.0,0
29,3770961.0,2.0,31966578.0,1
26,7476795.0,,223964452.0,1
24,3863919.0,2.0,68069854.0,1
45,545393.0,1.0,5819112.0,1
31,5728584.0,1.0,171049353.0,0
48,2032980.0,,59153804.0,1
69,"1,724,695",0.0,25697876.0,1
36,-2599052.0,2.0,-26070789.0,0
75,1056631.0,2.0,27088627.0,1
64,1986072.0,,44332621.0,1
33,5242231.0,1.0,112956547.0,1
70,2880395.0,2.0,78099235.0,1
22,2053469.0,1.0,44384218.0,1
52,2092280.0,2.0,22309029.0,1
29,975947.0,0.0,21211530.0,0
42,1812119.0,0.0,20398960.0,1
69,743722.0,1.0,17477060.0,0
38,,1.0,49256892.0,0
53,534226.0,1.0,2719270.0,1
70,3311594.0,2.0,55788950.0,1
40,3568467.0,1.0,43781972.0,0
33,4374307.0,1.0,51929179.0,1
74,2088832.0,0.0,40232826.0,0
56,3436545.0,1.0,40217097.0,1
62,1801539.0,1.0,43193935.0,0
70,972847.0,0.0,4778010.0,1
59,4967561.0,1.0,103476694.0,1
75,1870785.0,0.0,46485752.0,0
56,851107.0,0.0,18014919.0,1
31,1498404.0,1.0,24611568.0,1
48,1534331.0,,43971302.0,0
75,2615637.0,2.0,29029227.0,1
22,8106919.0,2.0,28516355.0,1
52,2712690.0,1.0,39778108.0,0
40,2244754.0,2.0,8735061.0,1
46,8653425.0,1.0,248840419.0,1
60,3567359.0,1.0,30921109.0,1
28,2309518.0,,56123665.0,1
35,1487121.0,0.0,35562188.0,0
64,2396980.0,2.0,21282019.0,1
29,1905330.0,0.0,37674312.0,0
26,2094573.0,1.0,9002752.0,1
27,4362873.0,0.0,70052531.0,1
75,1433754.0,2.0,4868272.0,1
61,,1.0,69569746.0,1
34,3503819.0,2.0,102852233.0,1
55,1332720.0,1.0,11996659.0,1
24,1210358.0,1.0,10431910.0,1
63,1811734.0,0.0,42304795.0,1
30,1503073.0,1.0,14792108.0,1
57,3958594.0,2.0,107543389.0,1
59,1087007.0,1.0,20105376.0,1
26,2065913.0,2.0,25763992.0,1
67,9135048.0,2.0,232785972.0,1
44,2540405.0,1.0,41464442.0,1
75,2806852.0,1.0,77508660.0,1
19,3978476.0,0.0,111621652.0,1
22,1501884.0,0.0,11213583.0,0
46,,0.0,7645020.0,1
54,2204270.0,1.0,65171745.0,1
55,2325027.0,1.0,63858525.0,1
36,750934.0,1.0,3376966.0,1
25,2483162.0,1.0,63300580.0,1
65,3767455.0,1.0,57870871.0,1
62,1146508.0,1.0,11455866.0,0
18,2574932.0,2.0,68818035.0,1
39,3386672.0,0.0,28143296.0,0
69,2819322.0,0.0,80568047.0,0
34,,2.0,21346476.0,1
24,1711909.0,1.0,33501111.0,1
42,1008019.0,1.0,9095689.0,1
62,1516191.0,1.0,26886697.0,0
21,1394945.0,1.0,29945743.0,0
53,1889541.0,,15373597.0,1
23,3820770.0,1.0,65197299.0,0
48,902475.0,1.0,14136922.0,1
36,2162012.0,1.0,10632797.0,1
61,1047544.0,2.0,26287395.0,0
71,1271836.0,2.0,15342698.0,0
56,2772457.0,1.0,51328491.0,1
44,970953.0,2.0,16408304.0,0
27,3080328.0,,51928273.0,0
43,880902.0,1.0,5192921.0,0
36,2958486.0,2.0,42702829.0,0
56,782525.0,1.0,11905259.0,0
20,1368618.0,1.0,31215928.0,1
62,6186603.0,0.0,158875111.0,1
30,5526846.0,1.0,97905432.0,1
67,1548017.0,2.0,"8,271,271",0
45,2505444.0,2.0,23538485.0,1
75,,2.0,18604308.0,1
37,2984007.0,2.0,18992031.0,1
45,1682719.0,1.0,21672211.0,1
25,1265299.0,1.0,11632684.0,1
58,3337932.0,0.0,29688181.0,0
56,3907553.0,1.0,17493004.0,0
18,5550625.0,1.0,910800597.0,1
20,720464.0,2.0,4160494.0,0
30,934835.0,1.0,7150863.0,0
45,3981440.0,1.0,58274588.0,1
74,781587.0,1.0,13118193.0,1
66,4168763.0,1.0,28330837.0,0
42,1742864.0,2.0,25217761.0,1
73,1450548.0,0.0,17736168.0,0
50,2242848.0,1.0,17836111.0,0
55,,2.0,7949471.0,0
70,3250791.0,1.0,50743165.0,1
23,5464495.0,1.0,117555480.0,1
75,3342888.0,1.0,30451998.0,1
61,1710155.0,2.0,11216538.0,1
62,787941.0,0.0,21235131.0,1
49,806329.0,2.0,8406519.0,1
62,892886.0,2.0,8069494.0,1
64,1968206.0,1.0,51452088.0,0
38,2122362.0,2.0,53190407.0,1
33,3338613.0,2.0,50430934.0,1
71,674942.0,2.0,10940438.0,1
38,4354525.0,2.0,38664764.0,1
28,3007572.0,0.0,15381160.0,1
54,1629687.0,0.0,30120950.0,0
53,971060.0,1.0,5491648.0,1
52,4195338.0,1.0,63477196.0,1
36,1656046.0,1.0,47020817.0,1
37,1959086.0,2.0,56277740.0,0
74,2495918.0,2.0,23616306.0,1
35,1146335.0,1.0,22755968.0,0
64,1673942.0,2.0,26448383.0,0
58,3332356.0,2.0,88785622.0,0
66,3135997.0,1.0,32390563.0,0
31,,0.0,7737959.0,0
32,991419.0,1.0,7325746.0,1
48,1720373.0,2.0,21396478.0,1
18,1563072.0,1.0,18013577.0,1
70,2558949.0,1.0,62353395.0,1
71,2425128.0,0.0,51837446.0,1
71,2176560.0,2.0,24133742.0,0
20,8705281.0,,133705134.0,1
33,1665301.0,2.0,9292539.0,1
40,1552390.0,2.0,42302556.0,1
74,990485.0,2.0,27987610.0,0
28,788030.0,2.0,23211184.0,1
29,953419.0,2.0,25218816.0,0
27,,2.0,19212682.0,1
49,4351555.0,1.0,18482382.0,1
33,2029903.0,0.0,37855888.0,1
25,2226627.0,1.0,61544718.0,0
55,1871472.0,1.0,14575935.0,1
29,2468647.0,1.0,7875376.0,1
41,4598512.0,1.0,113805783.0,1
45,599374.0,2.0,3040914.0,1
70,4118512.0,2.0,58359574.0,0
25,438439.0,2.0,9351886.0,0
75,2016596.0,1.0,18942965.0,1
45,7386351.0,0.0,38903831.0,1
53,2982865.0,0.0,70964068.0,1
43,2480164.0,1.0,49639806.0,0
25,,,74108630.0,0
75,1300374.0,0.0,15989811.0,1
67,2572479.0,2.0,12007263.0,1
45,2804877.0,2.0,64028192.0,1
45,"1,449,253",1.0,24763100.0,0
54,1528097.0,0.0,13380791.0,0
58,1430783.0,1.0,34491432.0,0
53,2089403.0,0.0,17762847.0,0
44,2752486.0,2.0,27629082.0,1
71,2134917.0,1.0,11738352.0,0
34,3034864.0,1.0,41834603.0,1
26,608354.0,1.0,8706208.0,1
50,1739397.0,0.0,29383926.0,1
70,1072978.0,1.0,23757917.0,0
37,2376248.0,2.0,65262998.0,1
30,2355234.0,1.0,15824395.0,1
45,1849871.0,,8264111.0,1
65,2693003.0,1.0,9426435.0,1
46,3608085.0,1.0,24815605.0,1
30,1912052.0,2.0,39703064.0,0
63,-1054928.0,1.0,-23885554.0,0
52,767770.0,1.0,18607408.0,1
23,2026187.0,1.0,19411118.0,0
35,-2292423.0,1.0,-25810757.0,0
68,1108242.0,1.0,17781339.0,1
22,3064700.0,1.0,14422305.0,0
64,,1.0,48676861.0,0
42,733909.0,2.0,21694971.0,1
19,4213743.0,1.0,53690546.0,1
27,3938824.0,2.0,91880482.0,0
73,"591,632",1.0,9762470.0,0
47,1414717.0,,9126226.0,1
67,1382010.0,2.0,25871795.0,1
62,5302522.0,1.0,58839993.0,1
22,1868085.0,2.0,7339494.0,0
72,808126.0,0.0,16278165.0,0
73,3366092.0,2.0,88161899.0,1
50,947455.0,1.0,11662019.0,0
71,1696021.0,0.0,22960698.0,0
18,-1249356.0,1.0,-33804557.0,1
35,1416539.0,2.0,35367350.0,1
49,3479346.0,0.0,77602381.0,0
64,4939616.0,1.0,48000821.0,1
66,922995.0,2.0,25452371.0,1
28,2886762.0,2.0,20695848.0,1
38,1277413.0,1.0,25449649.0,1
43,1301459.0,0.0,4916433.0,1
42,2661450.0,0.0,54241508.0,1
39,1070095.0,1.0,11217696.0,0
44,2629651.0,1.0,39816278.0,1
66,3072702.0,2.0,37862273.0,1
30,1529545.0,0.0,11723094.0,1
50,4396181.0,1.0,87015727.0,0
51,923850.0,0.0,1186915169.0,0
58,4444792.0,0.0,128433485.0,1
52,617607.0,1.0,191773727.0,1
18,10017343.0,1.0,224078596.0,1
38,1553900.0,1.0,32534257.0,1
65,987188.0,2.0,12113982.0,0
72,1724412.0,1.0,6062478.0,1
23,1058235.0,2.0,22883658.0,1
45,2500945.0,2.0,71347862.0,1
34,4504531.0,1.0,90393519.0,1
22,1092442.0,2.0,16116691.0,0
48,"2,807,036",1.0,48222507.0,1
22,790451.0,0.0,6631866.0,0
55,3684970.0,2.0,85729694.0,1
20,2545256.0,0.0,58931166.0,1
70,3781798.0,1.0,26203954.0,1
40,1842423.0,2.0,49202673.0,0
54,1527138.0,0.0,15680841.0,0
70,3235424.0,0.0,95512673.0,1
54,904530.0,2.0,12064966.0,0
27,696836.0,1.0,5437320.0,1
27,1976865.0,0.0,24703781.0,0
36,1569460.0,1.0,23361206.0,0
34,2764306.0,1.0,13465791.0,0
38,3816830.0,1.0,71038444.0,0
31,2729990.0,2.0,52241296.0,1
26,3638718.0,1.0,83512662.0,1
63,2403968.0,1.0,9105238.0,0
18,2667781.0,2.0,46988779.0,1
68,1848723.0,2.0,8187071.0,1
62,-2620897.0,0.0,-57478614.0,0
30,-2191270.0,0.0,-9870917.0,0
21,2409925.0,0.0,66554060.0,0
18,1794013.0,1.0,39389761.0,0
66,3221500.0,1.0,53797515.0,0
57,1294621.0,1.0,19316530.0,0
49,1961050.0,2.0,12802050.0,0
51,,2.0,27100596.0,1
45,1122161.0,0.0,29694507.0,0
48,541930.0,1.0,14859843.0,1
25,2470360.0,1.0,7460952.0,0
56,1699471.0,1.0,32360787.0,0
43,3636446.0,1.0,81533179.0,1
75,1833415.0,2.0,36129585.0,1
51,1379727.0,1.0,7181967.0,0
71,1894583.0,1.0,16821192.0,1
71,3820306.0,2.0,507790069.0,0
20,2800257.0,1.0,71284924.0,0
67,460311.0,0.0,7137759.0,1
29,2216546.0,1.0,35784720.0,0
18,2284042.0,,64506171.0,1
71,1961167.0,2.0,39618160.0,1
61,1374315.0,0.0,37469363.0,1
22,4060104.0,1.0,62224095.0,1
47,4182503.0,1.0,29422984.0,1
47,528662.0,2.0,14859769.0,1
74,1228402.0,0.0,18899012.0,1
34,1817844.0,0.0,14368327.0,1
65,3502911.0,0.0,39108898.0,1
64,2024659.0,0.0,8851141.0,1
40,1315653.0,0.0,20582228.0,0
32,3034994.0,1.0,79014432.0,0
54,1746629.0,0.0,49266592.0,0
38,1847898.0,0.0,52074245.0,0
31,1950712.0,2.0,12447904.0,0
19,2798475.0,,37262967.0,1
28,1647666.0,1.0,6198810.0,1
68,2994141.0,1.0,78115535.0,1
56,1897710.0,2.0,24075119.0,0
55,1045274.0,0.0,20947458.0,0
51,1939487.0,2.0,43254939.0,1
55,1078274.0,2.0,15749061.0,1
67,2032124.0,0.0,22910050.0,1
51,3261456.0,2.0,94516175.0,1
35,1041136.0,1.0,30235820.0,0
47,2467125.0,0.0,26681419.0,1
